{
    "score": {
        "MacroF1": 75.95063937211752,
        "MicroF1": 78.56209150326798,
        "WeightedF1": 71.17780649139233,
        "acc": 78.56209150326798
    }
}