{
    "score": {
        "MacroF1": 75.54860619808889,
        "MicroF1": 75.35014005602241,
        "WeightedF1": 69.64458843431672,
        "acc": 75.35014005602241
    }
}