{
    "score": {
        "MacroF1": 77.1417826130888,
        "MicroF1": 78.5060690943044,
        "WeightedF1": 72.67744132410358,
        "acc": 78.5060690943044
    }
}