{
    "score": {
        "MacroF1": 90.95327685794797,
        "MicroF1": 90.30812324929973,
        "WeightedF1": 87.60844820216163,
        "acc": 90.30812324929973
    }
}