{
    "score": {
        "MacroF1": 83.99533862142061,
        "MicroF1": 86.5359477124183,
        "WeightedF1": 82.20687840951824,
        "acc": 86.5359477124183
    }
}