{
    "score": {
        "MacroF1": 36.55092715685586,
        "MicroF1": 49.2063492063492,
        "WeightedF1": 37.47970647106223,
        "acc": 49.2063492063492
    }
}