{
    "score": {
        "MacroF1": 77.09706171308436,
        "MicroF1": 75.406162464986,
        "WeightedF1": 71.30708606982172,
        "acc": 75.406162464986
    }
}