{
    "score": {
        "MacroF1": 76.99455331619092,
        "MicroF1": 78.59943977591037,
        "WeightedF1": 71.85922440619578,
        "acc": 78.59943977591037
    }
}