{
    "score": {
        "MacroF1": 77.2562319325591,
        "MicroF1": 82.50233426704014,
        "WeightedF1": 78.24656311208362,
        "acc": 82.50233426704014
    }
}