{
    "score": {
        "MacroF1": 84.5335309673238,
        "MicroF1": 86.5732959850607,
        "WeightedF1": 83.01708539600972,
        "acc": 86.5732959850607
    }
}