{
    "score": {
        "MacroF1": 68.85140473224976,
        "MicroF1": 70.83099906629319,
        "WeightedF1": 61.06049593429357,
        "acc": 70.83099906629319
    }
}