{
    "score": {
        "MacroF1": 83.8447718494983,
        "MicroF1": 86.59197012138188,
        "WeightedF1": 82.26752285467673,
        "acc": 86.59197012138189
    }
}