{
    "score": {
        "MacroF1": 77.03853631531953,
        "MicroF1": 78.54341736694678,
        "WeightedF1": 71.41865348592592,
        "acc": 78.54341736694678
    }
}