{
    "score": {
        "MacroF1": 77.18610448839658,
        "MicroF1": 78.56209150326798,
        "WeightedF1": 72.70604569405013,
        "acc": 78.56209150326798
    }
}