{
    "score": {
        "MacroF1": 70.665847900096,
        "MicroF1": 74.88328664799253,
        "WeightedF1": 69.33615747774516,
        "acc": 74.88328664799253
    }
}