{
    "score": {
        "MacroF1": 74.84638691839042,
        "MicroF1": 78.91690009337069,
        "WeightedF1": 72.04796888110889,
        "acc": 78.91690009337069
    }
}