{
    "score": {
        "MacroF1": 73.09969677855435,
        "MicroF1": 75.05135387488329,
        "WeightedF1": 70.6322407990515,
        "acc": 75.05135387488329
    }
}