{
    "score": {
        "MacroF1": 76.97475230504112,
        "MicroF1": 78.56209150326798,
        "WeightedF1": 71.83119582378662,
        "acc": 78.56209150326798
    }
}