{
    "score": {
        "MacroF1": 20.987883286126056,
        "MicroF1": 37.871148459383754,
        "WeightedF1": 27.959638816680666,
        "acc": 37.871148459383754
    }
}