{
    "score": {
        "MacroF1": 76.98523886015515,
        "MicroF1": 78.59943977591037,
        "WeightedF1": 71.84990125318892,
        "acc": 78.59943977591037
    }
}