{
    "score": {
        "MacroF1": 83.84726366421665,
        "MicroF1": 86.5546218487395,
        "WeightedF1": 82.230754695787,
        "acc": 86.5546218487395
    }
}