{
    "score": {
        "MacroF1": 10.595522667244936,
        "MicroF1": 27.18954248366013,
        "WeightedF1": 18.396418382779665,
        "acc": 27.18954248366013
    }
}