{
    "score": {
        "MacroF1": 77.49779237977286,
        "MicroF1": 78.59943977591037,
        "WeightedF1": 72.48677675673308,
        "acc": 78.59943977591037
    }
}