{
    "score": {
        "MacroF1": 77.23896870671764,
        "MicroF1": 78.59943977591037,
        "WeightedF1": 72.7431605672907,
        "acc": 78.59943977591037
    }
}