{
    "score": {
        "MacroF1": 77.07028453361889,
        "MicroF1": 78.61811391223156,
        "WeightedF1": 71.91613598966181,
        "acc": 78.61811391223156
    }
}