{
    "score": {
        "MacroF1": 90.9871235319904,
        "MicroF1": 90.36414565826331,
        "WeightedF1": 87.66463713418892,
        "acc": 90.36414565826331
    }
}