{
    "score": {
        "MacroF1": 76.88009139318372,
        "MicroF1": 78.63678804855276,
        "WeightedF1": 73.32747465991905,
        "acc": 78.63678804855276
    }
}