{
    "score": {
        "MacroF1": 24.032796166344223,
        "MicroF1": 38.16993464052287,
        "WeightedF1": 23.50951873946209,
        "acc": 38.169934640522875
    }
}