{
    "score": {
        "MacroF1": 71.51812739846072,
        "MicroF1": 74.640522875817,
        "WeightedF1": 68.6162046633661,
        "acc": 74.640522875817
    }
}