{
    "score": {
        "MacroF1": 63.09264429823035,
        "MicroF1": 77.68440709617181,
        "WeightedF1": 69.98399116891528,
        "acc": 77.68440709617181
    }
}