{
    "score": {
        "MacroF1": 77.40234797574902,
        "MicroF1": 78.4873949579832,
        "WeightedF1": 72.3887966367623,
        "acc": 78.4873949579832
    }
}