{
    "score": {
        "MacroF1": 69.84120581284569,
        "MicroF1": 74.75256769374417,
        "WeightedF1": 67.8808683266957,
        "acc": 74.75256769374417
    }
}