{
    "score": {
        "MacroF1": 77.72331439584994,
        "MicroF1": 84.36974789915966,
        "WeightedF1": 78.74746131670224,
        "acc": 84.36974789915966
    }
}