{
    "score": {
        "MacroF1": 84.53891681331824,
        "MicroF1": 86.59197012138188,
        "WeightedF1": 82.99236885664834,
        "acc": 86.59197012138189
    }
}