{
    "score": {
        "MacroF1": 68.0645222490525,
        "MicroF1": 78.82352941176471,
        "WeightedF1": 71.9293198401427,
        "acc": 78.82352941176471
    }
}