{
    "score": {
        "MacroF1": 74.84697287082018,
        "MicroF1": 78.91690009337069,
        "WeightedF1": 72.06471695797374,
        "acc": 78.91690009337069
    }
}