{
    "score": {
        "MacroF1": 64.80503106725659,
        "MicroF1": 63.380018674136316,
        "WeightedF1": 58.549343919582476,
        "acc": 63.380018674136316
    }
}