{
    "score": {
        "MacroF1": 38.446530651583295,
        "MicroF1": 51.895424836601315,
        "WeightedF1": 39.05233157055326,
        "acc": 51.895424836601315
    }
}