{
    "score": {
        "MacroF1": 76.3930227155695,
        "MicroF1": 75.35014005602241,
        "WeightedF1": 69.43199523684072,
        "acc": 75.35014005602241
    }
}