{
    "score": {
        "MacroF1": 69.09620275708572,
        "MicroF1": 74.6591970121382,
        "WeightedF1": 67.68014918799507,
        "acc": 74.6591970121382
    }
}