{
    "score": {
        "MacroF1": 27.81659112310406,
        "MicroF1": 34.92063492063492,
        "WeightedF1": 26.87697697989233,
        "acc": 34.92063492063492
    }
}