{
    "score": {
        "MacroF1": 66.85233756335944,
        "MicroF1": 74.90196078431373,
        "WeightedF1": 66.43232024684845,
        "acc": 74.90196078431373
    }
}