{
    "score": {
        "MacroF1": 69.74844441496647,
        "MicroF1": 67.61904761904762,
        "WeightedF1": 60.88334342000531,
        "acc": 67.61904761904762
    }
}