{
    "score": {
        "MacroF1": 57.9966832278394,
        "MicroF1": 65.26610644257703,
        "WeightedF1": 57.38379372243666,
        "acc": 65.26610644257703
    }
}