{
    "score": {
        "MacroF1": 70.79027302568346,
        "MicroF1": 71.22315592903828,
        "WeightedF1": 66.2320133517795,
        "acc": 71.22315592903828
    }
}