{
    "score": {
        "MacroF1": 11.458200183526111,
        "MicroF1": 31.596638655462183,
        "WeightedF1": 16.901753116500945,
        "acc": 31.596638655462183
    }
}