{
    "score": {
        "MacroF1": 85.12875551583177,
        "MicroF1": 86.62931839402428,
        "WeightedF1": 83.69086141077563,
        "acc": 86.62931839402428
    }
}