{
    "score": {
        "MacroF1": 83.09612530249746,
        "MicroF1": 86.59197012138188,
        "WeightedF1": 82.39425327195113,
        "acc": 86.59197012138189
    }
}