{
    "score": {
        "MacroF1": 71.76484218502198,
        "MicroF1": 74.60317460317461,
        "WeightedF1": 68.1120848093995,
        "acc": 74.60317460317461
    }
}