{
    "score": {
        "MacroF1": 68.76709947118793,
        "MicroF1": 70.7936507936508,
        "WeightedF1": 61.16447927605822,
        "acc": 70.7936507936508
    }
}