{
    "score": {
        "MacroF1": 75.8206379956265,
        "MicroF1": 78.39402427637722,
        "WeightedF1": 71.09678382647661,
        "acc": 78.39402427637722
    }
}