{
    "score": {
        "MacroF1": 51.26794058172137,
        "MicroF1": 65.95704948646124,
        "WeightedF1": 56.66450766379805,
        "acc": 65.95704948646124
    }
}