{
    "score": {
        "MacroF1": 70.00433135550159,
        "MicroF1": 74.58450046685341,
        "WeightedF1": 67.08719674081894,
        "acc": 74.58450046685341
    }
}