{
    "score": {
        "MacroF1": 25.067629089557325,
        "MicroF1": 43.13725490196079,
        "WeightedF1": 29.699370229312827,
        "acc": 43.13725490196079
    }
}