{
    "score": {
        "MacroF1": 56.69542226100881,
        "MicroF1": 62.166199813258636,
        "WeightedF1": 53.41188040802164,
        "acc": 62.166199813258636
    }
}