{
    "score": {
        "MacroF1": 83.18579150189169,
        "MicroF1": 82.80112044817926,
        "WeightedF1": 77.34234537024435,
        "acc": 82.80112044817926
    }
}