{
    "score": {
        "MacroF1": 77.48147178043689,
        "MicroF1": 71.48459383753502,
        "WeightedF1": 67.77895462751931,
        "acc": 71.48459383753502
    }
}