{
    "score": {
        "MacroF1": 77.86611548567166,
        "MicroF1": 84.46311858076564,
        "WeightedF1": 78.93475944090889,
        "acc": 84.46311858076564
    }
}