{
    "score": {
        "MacroF1": 75.9370767741743,
        "MicroF1": 78.54341736694678,
        "WeightedF1": 71.16871306181949,
        "acc": 78.54341736694678
    }
}