{
    "score": {
        "MacroF1": 61.946967655711745,
        "MicroF1": 62.59570494864612,
        "WeightedF1": 59.18161562387396,
        "acc": 62.59570494864612
    }
}