{
    "score": {
        "MacroF1": 77.19320181080094,
        "MicroF1": 78.58076563958917,
        "WeightedF1": 72.7061659832006,
        "acc": 78.58076563958917
    }
}