{
    "score": {
        "MacroF1": 76.92935145215833,
        "MicroF1": 82.57703081232492,
        "WeightedF1": 77.00181621030812,
        "acc": 82.57703081232492
    }
}