{
    "score": {
        "MacroF1": 71.27333236999166,
        "MicroF1": 74.52847805788983,
        "WeightedF1": 67.18937861336369,
        "acc": 74.52847805788983
    }
}