{
    "score": {
        "MacroF1": 78.39932014369022,
        "MicroF1": 82.6517273576097,
        "WeightedF1": 78.29023377839881,
        "acc": 82.6517273576097
    }
}