{
    "score": {
        "MacroF1": 75.4507115377013,
        "MicroF1": 78.16993464052287,
        "WeightedF1": 70.81919071892119,
        "acc": 78.16993464052288
    }
}