{
    "score": {
        "MacroF1": 83.8598240247246,
        "MicroF1": 86.61064425770307,
        "WeightedF1": 82.2844808553138,
        "acc": 86.61064425770309
    }
}