{
    "score": {
        "MacroF1": 48.8129443460911,
        "MicroF1": 62.24089635854342,
        "WeightedF1": 51.9337725899496,
        "acc": 62.24089635854342
    }
}