{
    "score": {
        "MacroF1": 70.0644143473843,
        "MicroF1": 71.26050420168069,
        "WeightedF1": 63.729687867714944,
        "acc": 71.26050420168067
    }
}