{
    "score": {
        "MacroF1": 63.07250680545384,
        "MicroF1": 71.31652661064426,
        "WeightedF1": 64.99308224869202,
        "acc": 71.31652661064426
    }
}