{
    "score": {
        "MacroF1": 14.145179551592758,
        "MicroF1": 25.658263305322127,
        "WeightedF1": 17.211079440902477,
        "acc": 25.658263305322127
    }
}