{
    "score": {
        "MacroF1": 77.1441751389795,
        "MicroF1": 78.20728291316527,
        "WeightedF1": 72.39958986913476,
        "acc": 78.20728291316527
    }
}